<?xml version="1.0" encoding="UTF-8"?>
<beans xmlns="http://www.springframework.org/schema/beans"
	xmlns:xsi="http://www.w3.org/2001/XMLSchema-instance"
	xmlns:aop="http://www.springframework.org/schema/aop"
	xmlns:context="http://www.springframework.org/schema/context"
	xsi:schemaLocation="http://www.springframework.org/schema/beans http://www.springframework.org/schema/beans/spring-beans.xsd
		http://www.springframework.org/schema/context http://www.springframework.org/schema/context/spring-context-4.3.xsd
		http://www.springframework.org/schema/aop http://www.springframework.org/schema/aop/spring-aop-4.3.xsd">
	<bean id="bank" class="co.edureka.Banking"/>
	<bean id="logger" class="co.edureka.Logger"/>
	
	<aop:config>
		<aop:pointcut
			expression="execution(void co.edureka.Banking.deposit(..))"
			id="bankpoint" />
		<aop:aspect id="loggeraspect" ref="logger">
			<aop:before method="log" pointcut-ref="bankpoint" />
			<aop:after method="notification" pointcut-ref="bankpoint" />
		</aop:aspect>
	</aop:config>
</beans>
