<?xml version="1.0" encoding="UTF-8"?>
<!DOCTYPE hibernate-configuration PUBLIC
        "-//Hibernate/Hibernate Configuration DTD 3.0//EN"
        "http://www.hibernate.org/dtd/hibernate-configuration-3.0.dtd">

<hibernate-configuration>
	<session-factory>
		<!-- Database connection settings -->
		<property name="connection.driver_class">oracle.jdbc.driver.OracleDriver</property>
		<property name="connection.url">jdbc:oracle:thin:@localhost:1521:XE</property>
		<property name="connection.username">java56</property>
		<property name="connection.password">password</property>

		<!-- Hibernate properties -->
		<property name="dialect">org.hibernate.dialect.Oracle10gDialect</property>
		<property name="show_sql">true</property>
		<property name="hibernate.cache.use_second_level_cache">true</property>
		<property name="cache.provider_class">org.hibernate.cache.EhCacheProvider</property>
		<property name="hibernate.cache.region.factory_class">org.hibernate.cache.ehcache.EhCacheRegionFactory</property>
		<property name="hbm2ddl.auto">update</property>
		
		<!-- Mapping Resources -->
		<mapping class="co.edureka.app.Employee"/>
	</session-factory>
</hibernate-configuration>