<?xml version="1.0" encoding="UTF-8"?>
<!DOCTYPE hibernate-mapping PUBLIC 
	"-//Hibernate/Hibernate Mapping DTD 3.0//EN"
	"http://www.hibernate.org/dtd/hibernate-mapping-3.0.dtd">

<hibernate-mapping>
 <class name="co.edureka.domain.Student" table="student">
   <cache usage="read-only"/>
   <id name="studid" column="studid">
     <generator class="increment" />
   </id>
   <property name="sname" />
   <property name="email" />
   <property name="mobile" />
 </class>
</hibernate-mapping>