<?xml version="1.0" encoding="UTF-8"?>
<beans xmlns="http://www.springframework.org/schema/beans"
	xmlns:xsi="http://www.w3.org/2001/XMLSchema-instance"
	xsi:schemaLocation="http://www.springframework.org/schema/beans http://www.springframework.org/schema/beans/spring-beans.xsd">
	<bean id="fn" class="java.lang.String">
		<constructor-arg value="Sunil"> </constructor-arg>
	</bean>
	<bean id="stud1" class="co.edureka.Student">
		<property name="firstName" ref="fn"/>
	</bean>
	<bean id="stud2" parent="stud1">
		<property name="lastName" value="Joseph" />
	</bean>	
	
	<bean id="db" class="co.edureka.Databases">
		<property name="dbNames">
			<list>
				<value>Oracle</value>
				<value>MySQL</value>
				<value>SQL Server</value>
				<value>DB2</value>
			</list>
		</property>
	</bean>
</beans>
