<?xml version="1.0" encoding="utf-8"?>
<!DOCTYPE hibernate-configuration PUBLIC
        "-//Hibernate/Hibernate Configuration DTD 3.0//EN"
        "http://www.hibernate.org/dtd/hibernate-configuration-3.0.dtd">

<hibernate-configuration>
 <session-factory>
    <!-- Database connection settings -->
    <property name="connection.driver_class">oracle.jdbc.driver.OracleDriver</property>
    <property name="connection.url">jdbc:oracle:thin:@localhost:1521:XE</property>
    <property name="connection.username">java56</property>
    <property name="connection.password">password</property>

    <!-- Hibernate properties -->
	<property name="dialect">org.hibernate.dialect.Oracle12cDialect</property>
	<property name="show_sql">true</property>

    <!-- Mapping Resources -->
	<mapping resource="student.hbm.xml"/>
 </session-factory>
</hibernate-configuration>